time,2.82,3.16,3.55,3.98,4.47,5.01,5.62,6.31,7.08,7.94,8.91,10.0,11.2,12.6,14.1,15.8,17.8,20.0,22.4,25.1,28.2,31.6,35.5,39.8,44.7,50.1,56.2,63.1,70.8,79.4,89.1,100.0,112.0,126.0,141.0,158.0,178.0,200.0,224.0,251.0,282.0,316.0,355.0,398.0,447.0,501.0,562.0,631.0,708.0,794.0,891.0,1000.0
1997-12-11 00:00:00,,,,,,,,,,0.0,6.6464,15.4716,28.5565,42.1264,43.8578,47.0383,63.1776,79.3764,95.7488,114.676,138.204,161.361,184.08,199.548,209.324,211.293,209.272,195.997,179.235,172.52,167.37,153.903,140.404,130.37,117.558,91.1849,71.5442,69.9604,64.562,51.0758,37.6091,24.1692,17.3738,16.6209,13.5141,8.9968,,,,,,
1997-12-11 00:10:00,,,,,,,,,,28.0911,14.6031,1.1151,9.8064,21.0231,26.61,33.3347,50.2147,69.0735,93.7026,115.306,131.46,149.054,168.346,189.706,212.689,215.89,208.986,188.921,164.778,153.839,144.959,139.708,133.64,114.743,95.8702,77.1102,64.5338,68.5419,68.0627,58.0689,43.9772,24.275,14.7897,14.5957,11.4439,6.52,,,,,,
1997-12-11 00:20:00,,,,,,,,,,26.4296,19.6842,12.9388,16.3914,21.0053,31.4517,41.6573,49.6888,62.0466,87.0192,109.47,127.379,139.921,146.125,153.023,160.465,157.869,150.143,140.891,131.165,123.39,115.919,116.393,115.959,99.4457,83.9367,73.3341,66.7822,71.0939,69.8427,56.7962,41.1749,22.0285,12.8541,12.7482,10.8661,7.9197,,,,,,
1997-12-11 00:30:00,,,,,,,,,,0.0,3.3114,7.7088,15.6734,24.0443,26.8905,31.1818,48.3628,64.1143,75.6978,91.5502,115.092,133.11,144.608,145.799,138.902,141.559,149.1,145.257,137.888,128.814,119.474,128.574,136.304,116.719,97.3347,78.935,66.1547,68.4458,66.6818,56.3198,43.2131,26.3489,16.1018,11.8724,8.6038,5.9109,,,,,,
1997-12-11 00:40:00,,,,,,,,,,6.4738,5.3101,4.1464,9.2141,14.9913,21.3859,28.5154,42.1803,57.3104,76.7128,93.8218,106.8,119.1,130.599,136.908,139.142,133.346,123.449,112.005,100.082,99.6441,100.996,100.212,99.3886,99.039,93.9703,65.8561,50.3514,68.6656,77.117,64.6559,47.8688,25.1588,13.0571,10.6026,9.0507,8.0395,,,,,,
1997-12-11 00:50:00,,,,,,,,,,0.0,6.6666,15.5178,25.7469,36.1329,31.4551,29.2211,48.8155,63.0292,61.5535,65.4626,79.0703,99.9974,129.565,131.42,111.523,110.042,117.969,116.016,111.003,97.1994,82.0256,87.1165,91.7302,80.3306,70.0965,65.5544,64.3965,72.3153,72.0442,54.408,37.5713,21.8295,13.7173,12.5435,10.2475,7.2792,,,,,,
1997-12-11 01:00:00,,,,,,,,,,5.9354,6.9494,7.9634,19.9173,33.1168,33.6279,34.9081,43.0999,52.5409,65.6244,74.2732,74.9342,85.2648,107.01,110.672,100.14,91.9809,85.0333,78.7461,72.6635,71.0626,70.1604,73.6546,76.7297,72.0308,67.2769,62.2549,59.9833,65.0884,64.1788,50.5163,36.6442,22.4853,14.5708,12.335,9.202,5.5313,,,,,,
1997-12-11 01:10:00,,,,,,,,,,0.0,3.3732,7.8499,5.7471,2.8953,14.4358,26.4364,42.454,59.6214,80.1414,92.8738,91.5794,88.5357,83.4269,82.7682,85.6025,84.3419,80.9892,72.3715,62.1228,57.1017,52.8957,62.5138,72.4774,80.6642,84.6353,68.0201,57.18,61.8287,61.1701,49.2582,37.4708,25.8541,18.7217,15.6673,11.6568,7.0736,,,,,,
1997-12-11 01:20:00,,,,,,,,,,12.9461,10.6248,8.3035,18.4976,30.1167,26.185,24.0905,38.4285,51.201,59.4086,68.5545,79.3903,86.2698,88.4792,87.3623,83.6343,79.2212,74.4579,65.66,55.6122,59.4228,65.3943,74.8264,83.0063,72.4938,62.6688,56.2015,54.1595,63.9862,67.1732,56.2816,42.6916,25.4075,15.4422,12.1326,9.0094,5.9979,,,,,,
1997-12-11 01:30:00,,,,,,,,,,0.0,13.5195,31.4609,21.7484,8.8872,22.1624,36.0888,55.6699,69.4453,66.2925,73.8808,100.815,112.976,107.697,105.742,106.395,100.88,92.2124,92.6822,95.9825,86.6532,75.3546,82.3692,89.1973,84.8898,80.0589,72.671,68.022,70.7186,67.6546,52.3765,37.756,24.0357,15.3442,11.2259,9.6896,9.7002,,,,,,
1997-12-11 01:40:00,,,,,,,,,,0.0,8.385,19.5154,23.6631,27.0158,29.4143,34.6597,65.2437,92.1603,108.383,119.194,120.256,122.804,127.107,139.566,158.426,148.964,125.032,107.724,92.4682,92.6487,95.2361,95.9561,95.8896,85.9782,74.9143,58.2228,52.1833,74.7124,84.4731,67.1608,48.9037,29.3531,16.3488,9.2977,6.5943,6.4957,,,,,,
1997-12-11 01:50:00,,,,,,,,,,0.0,1.6354,3.808,10.6309,17.9834,26.4167,35.683,52.3552,68.3679,82.4573,97.4936,114.235,131.511,149.416,150.488,138.346,127.903,118.327,106.321,93.5619,89.3253,86.4177,89.6705,92.4253,85.4999,77.5442,64.5565,59.2921,74.7413,79.005,59.5518,41.8924,26.6888,16.9206,12.0955,8.1773,4.8024,,,,,,
1997-12-11 02:00:00,,,,,,,,,,0.0,6.7275,15.6567,15.8039,14.9511,22.5069,31.6218,54.5665,77.5702,100.746,121.469,137.774,149.49,155.789,150.458,135.998,124.508,114.535,106.326,98.6646,87.9738,76.8107,83.7555,90.2916,82.7618,75.1353,67.0368,63.0979,70.3151,70.4302,55.4863,41.3297,28.2511,19.4527,14.5466,10.0141,5.7055,,,,,,
1997-12-11 02:10:00,,,,,,,,,,0.0,6.7002,15.5944,20.0504,24.001,30.4712,38.6164,61.6542,80.4501,86.8779,101.903,132.412,155.759,170.651,178.377,180.478,176.389,169.138,154.343,137.212,130.854,126.176,117.154,107.47,90.8091,76.7504,75.3982,74.8438,76.4292,73.5308,61.1252,46.4126,28.5418,17.1757,11.7251,8.1982,5.8239,,,,,,
1997-12-11 02:20:00,,,,,,,,,,0.0,4.9889,11.613,20.6879,30.0419,36.9533,44.8281,61.2902,76.2302,86.7323,101.963,125.71,151.993,181.271,189.655,181.639,181.051,184.26,164.022,136.521,132.278,131.662,120.787,110.032,105.735,98.8814,79.5474,67.71,75.9784,77.6794,65.4551,50.2449,30.9465,17.2558,8.6649,5.7831,6.3217,,,,,,
1997-12-11 02:30:00,,,,,,,,,,6.4836,5.2767,4.0699,13.3916,23.9122,50.8331,76.3129,88.8805,105.471,133.793,154.597,161.86,170.514,180.811,187.342,190.917,181.537,165.536,150.615,136.029,120.121,104.007,98.7586,94.199,93.9225,91.0129,75.2453,66.3993,76.117,78.4864,65.2753,49.089,28.8292,16.059,10.0997,7.1934,6.1163,,,,,,
1997-12-11 02:40:00,,,,,,,,,,7.0406,3.5709,0.10128,14.0836,30.0529,38.1134,46.6934,59.9399,76.6162,103.293,126.344,142.861,162.664,186.345,195.848,194.221,174.838,146.383,124.756,105.245,99.9469,96.8652,105.685,112.951,93.464,75.4646,64.7307,59.0973,67.143,67.8919,53.169,39.5078,27.3002,18.5635,12.9833,10.0748,8.7671,,,,,,
1997-12-11 02:50:00,,,,,,,,,,7.0307,3.6058,0.18091,8.4122,17.9707,32.4129,46.2399,54.5655,67.7002,94.857,121.619,147.67,165.756,174.441,178.454,178.801,166.023,146.54,134.321,124.354,99.2306,71.7444,81.6996,92.3029,94.1758,91.406,65.9636,49.9295,59.1285,63.2486,56.5996,45.1094,26.9913,15.9677,11.3958,9.9031,10.2552,,,,,,
1997-12-11 03:00:00,,,,,,,,,,13.4978,8.9388,4.3798,14.845,27.0209,31.8767,39.0566,66.9577,89.5738,96.7799,110.452,135.771,151.614,156.27,161.819,168.069,150.712,121.295,103.294,88.8287,91.4624,96.7622,87.9362,79.2869,79.6737,78.4085,69.0766,61.4467,58.3815,54.7197,49.7931,41.1607,27.4545,18.8263,14.8158,12.1241,10.2224,,,,,,
1997-12-11 03:10:00,,,,,,,,,,0.0,8.4101,19.5727,19.3958,17.9277,28.8437,41.4527,69.0614,97.4331,128.03,145.459,139.172,133.751,129.353,130.25,135.305,122.644,100.931,88.5085,78.9635,70.0375,61.2079,71.6945,81.5817,74.237,67.0515,60.6437,57.2275,61.8348,62.5046,54.8256,43.5806,27.4535,17.9906,14.5881,11.6981,9.1152,,,,,,
1997-12-11 03:20:00,,,,,,,,,,6.4996,5.2194,3.9393,23.3563,45.13,47.673,52.1298,73.7213,93.1911,106.474,116.36,120.124,123.147,125.294,121.383,112.718,96.2403,75.7709,60.9963,47.9858,48.8144,51.8008,64.4472,76.8166,80.8775,80.8171,60.6302,47.2435,52.0947,54.5025,51.7295,43.6319,28.2441,18.1502,12.8706,10.0748,8.7671,,,,,,
1997-12-11 03:30:00,,,,,,,,,,0.0,4.9726,11.5755,22.0235,32.9092,64.7617,94.767,108.221,122.336,138.375,146.099,138.848,137.71,143.786,135.21,115.132,91.1438,65.157,55.4073,50.6877,63.1799,78.356,91.246,102.17,87.3708,73.7012,65.5488,61.3428,67.7208,68.9341,59.1965,47.5758,33.3769,22.277,13.9954,9.6483,7.6586,,,,,,
1997-12-11 03:40:00,,,,,,,,,,0.99619,22.0354,43.0747,62.1798,81.0646,118.807,154.249,169.123,185.49,206.208,213.596,196.974,180.449,164.036,151.391,141.705,119.853,91.785,87.7244,91.1006,89.1162,86.2959,89.3722,92.2985,90.4131,86.1079,69.986,60.0793,66.8417,70.9189,69.3024,59.3978,38.1459,23.131,13.7881,8.6038,5.9109,,,,,,
1997-12-11 03:50:00,,,,,,,,,,10.2084,18.9841,27.7598,44.8838,62.9583,101.869,139.72,168.023,187.242,179.974,179.323,190.593,187.956,168.902,165.067,173.176,161.492,139.696,130.333,124.821,131.676,140.46,142.425,142.659,122.501,102.09,80.4441,67.3486,77.1841,82.4832,78.1639,65.7737,42.3338,26.4105,17.3229,11.2513,6.9866,,,,,,
1997-12-11 04:00:00,,,,,,,,,,12.8717,35.9872,59.1027,96.3536,135.214,164.698,198.148,266.932,319.673,325.637,328.391,325.363,322.028,318.328,335.787,369.853,369.102,350.562,350.867,357.011,338.204,315.506,304.046,292.705,277.708,254.331,190.029,146.77,159.948,159.539,130.321,95.5332,53.1189,30.5145,25.9253,19.4286,11.789,,,,,,
1997-12-11 04:10:00,,,,,,,,,,23.0866,54.9517,86.8169,141.025,197.778,334.985,467.151,554.029,618.096,615.652,615.722,620.318,603.804,562.371,543.769,543.09,561.782,590.37,591.184,583.393,590.612,600.173,576.191,546.879,460.649,378.543,316.572,262.853,231.27,197.438,158.836,118.9,77.1379,47.631,29.2693,20.5552,17.6211,,,,,,
1997-12-11 04:20:00,,,,,,,,,,19.4867,40.801,62.1152,181.819,312.725,366.118,426.909,553.947,664.238,725.694,745.861,691.657,660.183,655.539,686.493,745.39,786.735,819.113,838.055,852.836,845.522,834.763,741.119,643.798,535.225,436.793,387.882,339.858,294.214,243.853,183.496,126.96,75.6577,43.4362,28.5671,19.8963,14.9391,,,,,,
1997-12-11 04:30:00,,,,,,,,,,0.0,52.3649,105.457,162.029,218.996,311.033,407.934,547.943,655.835,670.078,676.326,668.171,667.152,674.557,678.688,680.25,710.765,756.074,763.885,760.08,754.237,748.076,673.397,593.857,480.199,376.544,321.732,274.157,245.988,210.968,161.419,112.743,65.2615,37.5595,27.8454,20.281,14.0046,,,,,,
1997-12-11 04:40:00,,,,,,,,,,1.4311,45.791,90.151,122.211,152.87,244.956,335.62,413.299,486.068,544.519,574.938,554.867,552.315,570.441,590.488,612.042,632.595,652.635,655.931,654.041,632.622,608.159,569.417,526.877,439.285,354.702,284.815,225.884,196.337,164.779,128.955,93.4143,58.2597,35.5719,24.2217,17.8664,14.5038,,,,,,
1997-12-11 04:50:00,,,,,,,,,,7.9196,51.1197,94.3198,130.049,164.928,261.619,354.73,415.656,472.973,519.767,538.488,506.647,506.724,544.482,572.128,591.838,582.443,558.177,552.208,551.908,514.988,472.359,461.932,449.009,386.945,322.622,247.264,185.376,159.611,135.803,116.141,91.9042,61.4052,39.4553,25.2801,15.522,8.4105,,,,,,
1997-12-11 05:00:00,,,,,,,,,,12.8768,35.9717,59.0666,96.1401,134.805,219.756,305.973,403.203,473.12,463.394,460.224,468.862,482.139,500.894,511.308,515.176,503.938,484.981,484.69,490.181,489.979,488.889,459.556,427.005,363.835,298.708,224.031,164.485,145.521,126.267,106.4,82.7163,53.8065,34.1673,22.9589,15.1374,9.345,,,,,,
1997-12-11 05:10:00,,,,,,,,,,6.4384,32.1734,62.556200000000004,97.706,133.3985,203.411,275.721,368.29049999999995,438.7455,444.7185,452.17949999999996,462.322,485.73199999999997,524.8054999999999,541.111,539.546,528.5595000000001,512.7584999999999,519.786,533.8855,528.5775,520.2435,471.703,420.714,355.2165,289.4715,222.5215,169.13850000000002,152.14249999999998,133.3135,110.59800000000001,84.86245,54.9919,34.77775,23.34525,15.8729,10.7731,,,,,,
1997-12-11 05:20:00,,,,,,,,,,0.0,28.3751,66.0458,99.2719,131.992,187.066,245.469,333.378,404.371,426.043,444.135,455.782,489.325,548.717,570.914,563.916,553.181,540.536,554.882,577.59,567.176,551.598,483.85,414.423,346.598,280.235,221.012,173.792,158.764,140.36,114.796,87.0086,56.1773,35.3882,23.7316,16.6084,12.2012,,,,,,
1997-12-11 05:30:00,,,,,,,,,,35.5466,41.9989,48.4512,74.1295,101.997,151.308,200.939,253.315,302.654,343.14,373.948,387.324,420.661,477.563,485.467,454.91,444.474,444.318,438.24,430.328,449.358,472.588,418.143,362.42,325.722,283.048,211.187,158.066,155.203,143.187,111.761,79.4156,45.8101,25.756,18.0255,14.4078,13.2541,,,,,,
1997-12-11 05:40:00,,,,,,,,,,3.2098,15.2658,27.3217,53.3525,80.9745,114.903,152.089,218.224,273.296,296.113,324.257,361.997,382.246,381.849,383.015,385.408,366.45,336.583,333.313,338.282,329.369,318.292,295.392,270.381,222.132,176.384,142.852,114.977,102.275,91.4838,84.7462,69.5568,42.796,25.7667,17.5874,12.5093,9.2892,,,,,,
1997-12-11 05:50:00,,,,,,,,,,17.2451,22.6375,28.0299,49.1791,72.1224,86.8488,103.736,139.899,169.799,181.439,204.509,248.164,279.629,296.705,303.228,301.47,287.789,268.017,268.417,275.064,260.567,242.773,227.587,211.785,186.383,157.421,111.079,76.5744,73.8149,73.9399,80.1809,71.9664,43.9609,26.3483,18.1869,12.9159,9.3764,,,,,,
1997-12-11 06:00:00,,,,,,,,,,5.4049,8.561,11.717,34.8149,60.1834,70.4143,80.4747,89.0992,104.051,137.451,176.549,225.913,251.676,249.579,261.408,284.168,284.498,273.369,280.361,292.966,276.744,256.026,221.619,186.889,154.194,123.768,104.42,89.5541,86.7062,81.9874,73.3017,60.2894,41.3534,27.4207,18.0382,12.5093,9.2892,,,,,,
1997-12-11 06:10:00,,,,,,,,,,0.0,6.6384,15.453,28.4361,41.8939,72.4503,103.872,142.909,179.286,207.91,238.005,270.75,288.023,287.032,295.599,311.668,299.386,272.618,267.89,269.99,266.605,262.366,233.382,203.122,167.084,130.198,89.1686,63.5094,79.072,86.8985,78.3225,62.9634,38.3179,23.7545,18.36,12.0221,5.1191,,,,,,
1997-12-11 06:20:00,,,,,,,,,,2.0962,18.6737,35.2511,54.9951,75.0995,94.2287,115.434,155.124,189.182,206.821,228.343,256.86,286.848,318.572,319.48,296.2,278.194,262.882,267.713,278.785,301.823,326.727,283.417,238.917,210.184,177.427,125.016,88.0062,92.3059,90.6853,76.5114,60.1946,40.9439,27.1829,18.4144,13.3418,10.4835,,,,,,
1997-12-11 06:30:00,,,,,,,,,,11.2972,15.6628,20.0283,30.6236,41.9281,66.4437,92.4046,131.157,167.965,199.102,222.447,231.758,265.362,327.643,347.491,334.03,324.602,317.235,295.518,269.356,299.511,338.448,323.961,305.154,252.523,198.887,140.35,97.7092,97.7004,95.6298,89.1873,73.0161,43.5255,27.357,23.3037,17.3793,10.3337,,,,,,
1997-12-11 06:40:00,,,,,,,,,,4.8439,10.2816,15.7194,31.2337,47.8954,89.8204,129.859,152.971,176.355,200.53,230.017,269.069,292.163,296.418,299.839,302.605,302.711,301.458,306.701,313.957,329.288,345.877,350.473,350.463,293.3,235.725,176.137,130.918,124.232,114.489,98.2599,74.9814,42.0511,25.1031,22.6895,18.4447,13.1029,,,,,,
1997-12-11 06:50:00,,,,,,,,,,12.4169,12.2326,12.0482,33.3128,57.0196,77.1178,99.4917,142.135,185.62,231.556,263.337,269.622,285.013,311.154,330.634,344.887,335.35,313.659,320.937,337.19,350.982,364.391,379.96,389.826,320.955,252.465,185.838,135.105,126.998,119.039,111.392,91.141,53.6357,33.9174,30.3747,22.6752,12.4853,,,,,,
1997-12-11 07:00:00,,,,,,,,,,3.7242,13.7105,23.6967,30.0256,35.9381,55.171,76.1733,112.851,149.656,186.832,218.916,241.829,276.681,325.626,349.253,353.007,340.874,320.626,320.879,327.483,352.189,379.717,403.7,420.378,339.136,260.761,196.379,149.434,149.25,144.07,128.297,100.768,57.1428,33.5118,28.0632,21.4988,14.2658,,,,,,
1997-12-11 07:10:00,,,,,,,,,,13.4987,8.9374,4.3761,13.3002,23.7597,66.3054,108.176,143.872,176.449,199.928,224.362,250.518,284.193,326.744,355.478,373.367,372.713,362.585,371.642,386.641,396.544,405.653,391.973,374.046,308.913,248.283,209.644,177.646,163.458,145.527,119.657,91.4234,59.9535,38.5703,26.3599,19.9366,16.9806,,,,,,
1997-12-11 07:20:00,,,,,,,,,,0.0,11.7477,27.341,30.8055,32.8891,65.818,96.7988,110.279,132.606,180.73,222.74,253.742,278.972,297.389,319.856,345.503,371.221,396.976,398.861,393.35,400.003,408.553,386.142,360.291,302.074,243.845,185.562,145.662,155.064,153.138,127.191,98.8285,67.1579,45.0535,31.6488,22.1178,14.9077,,,,,,
1997-12-11 07:30:00,,,,,,,,,,6.4861,5.2677,4.0492,14.8025,26.919,53.4001,78.8068,94.5767,116.414,155.943,193.185,226.309,263.876,306.687,338.97,362.989,378.912,390.7,387.058,378.637,374.805,371.69,346.291,318.35,266.202,217.257,183.957,159.151,157.129,147.441,121.501,92.5042,59.3238,38.3591,28.5033,21.3261,15.7537,,,,,,
1997-12-11 07:40:00,,,,,,,,,,0.0,3.3085,7.702,15.6184,23.9359,37.4774,53.1499,87.7581,122.761,158.915,192.868,222.857,251.706,279.207,295.957,304.268,331.094,367.379,390.527,409.606,384.277,352.024,328.07,303.935,273.438,238.98,185.186,146.514,148.403,140.189,110.557,85.5656,66.9289,50.3844,35.7426,23.9129,13.7678,,,,,,
1997-12-11 07:50:00,,,,,,,,,,0.0,4.989,11.6132,20.6822,30.0296,36.7891,45.0664,66.8655,93.9212,136.304,178.566,220.609,255.916,283.27,308.682,332.57,348.134,359.445,356.172,348.382,338.087,327.401,304.98,281.592,250.513,216.918,171.033,137.569,137.418,133.284,120.706,99.4069,66.169,42.2944,26.9349,17.6132,11.9088,,,,,,
1997-12-11 08:00:00,,,,,,,,,,5.3743,8.669,11.9637,17.7985,23.9225,42.3003,61.5317,88.2935,118.603,159.257,194.36,219.466,243.171,265.223,286.327,306.689,318.621,326.245,327.792,327.455,327.411,327.413,312.086,293.699,240.795,194.356,179.486,166.637,159.206,143.888,111.846,82.887,58.1472,41.5869,32.465,23.7412,15.2559,,,,,,
1997-12-11 08:10:00,,,,,,,,,,0.0,4.9871,11.6089,20.6279,29.9198,43.8578,61.2884,109.775,154.835,189.902,214.047,218.52,234.144,262.93,297.883,337.677,348.013,343.301,355.588,373.142,352.088,325.014,313.537,300.132,253.121,209.222,180.522,159.551,159.308,148.819,116.603,87.2699,61.8816,43.3996,31.198,22.1178,14.9077,,,,,,
1997-12-11 08:20:00,,,,,,,,,,0.0,8.3456,19.4253,29.2954,39.0279,50.629,63.6269,89.0436,120.326,168.712,210.266,239.518,257.707,262.837,285.188,321.056,344.49,361.571,373.623,384.117,373.842,360.328,335.124,308.485,267.771,227.328,188.203,165.138,185.148,181.716,128.579,87.4933,62.9058,42.247,25.161,15.9898,11.5606,,,,,,
1997-12-11 08:30:00,,,,,,,,,,0.0,11.8165,27.498,19.7473,9.3284,52.1812,93.7085,123.157,157.263,204.951,246.539,277.142,313.66,357.159,398.907,439.281,453.993,455.595,443.895,428.073,403.863,378.346,360.435,340.758,293.44,246.51,201.475,171.361,181.26,173.713,129.173,91.8169,64.2968,45.4148,34.3882,23.4864,12.6593,,,,,,
1997-12-11 08:40:00,,,,,,,,,,0.0,11.6576,27.1352,44.9261,62.9804,90.6601,120.304,167.375,219.307,285.412,349.544,410.123,456.171,485.065,499.174,501.678,498.47,492.343,483.816,474.545,457.727,439.732,402.957,363.978,303.76,246.8,205.751,177.92,185.541,177.462,136.095,97.8814,63.9856,43.4915,35.185,27.688,20.6758,,,,,,
1997-12-11 08:50:00,,,,,,,,,,0.0,9.9633,23.1923,41.2187,59.7913,110.622,162.689,225.589,295.501,385.855,468.879,538.698,591.967,625.697,640.56,640.612,633.75,623.356,576.59,518.556,491.055,468.315,436.278,401.124,327.853,259.401,214.485,181.816,181.993,171.616,138.859,104.016,66.3134,42.3618,30.9152,21.9043,14.3528,,,,,,
1997-12-11 09:00:00,,,,,,,,,,0.0,28.4293,66.1696,90.7764,113.888,172.219,233.752,323.589,411.39,493.256,581.194,680.07,758.546,812.94,839.397,843.924,804.404,742.381,709.436,685.499,627.254,563.659,508.303,450.967,362.771,283.4,247.119,219.38,214.547,196.079,148.7,104.026,63.0559,40.0447,33.3657,26.2373,18.8398,,,,,,
1997-12-11 09:10:00,,,,,,,,,,13.4464,34.2214,54.9965,103.906,156.018,217.267,283.552,394.606,502.009,598.765,687.002,759.893,854.062,973.348,978.988,895.422,847.94,818.893,802.226,789.394,709.767,619.725,545.728,471.855,392.145,317.886,270.249,231.291,215.611,189.837,142.661,104.168,77.5639,54.8371,35.6363,22.2696,12.3983,,,,,,
1997-12-11 09:20:00,,,,,,,,,,0.0,33.6001,69.9976,121.148,173.979,244.922,321.804,451.433,572.89,670.521,760.004,834.811,898.338,948.548,974.349,980.989,957.572,918.8,859.05,792.802,729.281,666.185,591.715,515.698,423.932,336.26,268.577,216.395,205.787,185.656,145.336,110.16,82.03,57.0437,34.9167,22.1178,14.9077,,,,,,
1997-12-11 09:30:00,,,,,,,,,,19.3456,41.2983,63.2511,103.965,146.816,227.3,312.317,437.469,553.727,644.049,724.857,788.53,828.425,840.253,858.968,883.089,859.805,812.301,754.024,692.409,624.463,555.528,506.714,456.521,378.106,302.398,239.911,191.897,182.696,167.115,138.007,105.57,68.5749,42.9078,27.542,19.7231,16.4256,,,,,,
1997-12-11 09:40:00,,,,,,,,,,0.0,33.7809,70.4106,92.8799,113.737,193.742,275.398,371.429,465.29,552.823,620.886,653.879,691.882,735.799,755.695,756.737,747.154,732.143,681.151,619.012,546.597,472.58,429.805,385.985,313.274,246.671,209.893,184.982,191.897,180.662,130.944,90.2555,61.9282,40.9171,26.5595,21.2354,21.3235,,,,,,
1997-12-11 09:50:00,,,,,,,,,,0.47616,23.6103,46.7445,82.6452,119.999,169.087,221.701,305.635,391.815,484.546,563.786,618.73,668.953,713.603,733.776,734.735,706.691,663.83,589.809,506.134,456.22,411.57,371.676,331.228,280.985,231.663,186.841,153.548,151.18,139.968,110.005,83.1152,60.4343,43.2852,31.1669,23.1072,17.4791,,,,,,
1997-12-11 10:00:00,,,,,,,,,,2.095,18.6801,35.2651,51.9639,68.6757,131.551,197.233,287.656,376.973,463.063,538.649,595.314,638.834,666.836,661.685,630.509,607.588,588.883,546.317,496.359,440.495,383.711,368.833,351.902,287.342,226.004,180.407,146.825,145.465,135.743,108.29,81.7373,56.419,37.9656,25.7551,18.2521,13.5695,,,,,,
1997-12-11 10:10:00,,,,,,,,,,16.7566,24.1041,31.4517,83.6923,141.044,209.204,276.964,341.104,413.439,509.665,598.495,674.001,729.643,761.835,760.63,733.209,723.241,722.19,667.407,595.979,534.764,475.142,420.707,365.549,298.1,233.522,182.958,150.726,167.66,165.513,122.909,86.3639,58.116,40.5212,32.6145,24.5727,16.45,,,,,,
1997-12-11 10:20:00,,,,,,,,,,28.949,62.1553,95.3617,124.282,152.714,237.348,329.388,487.03,615.208,657.471,703.44,756.087,818.986,893.989,893.8,834.592,783.164,735.711,676.577,613.824,540.081,464.625,399.697,336.801,296.665,254.52,202.564,166.887,174.868,165.902,121.001,84.2914,58.7974,40.1282,27.6655,19.8963,14.9391,,,,,,
1997-12-11 10:30:00,,,,,,,,,,7.3882,52.7329,98.0777,146.374,195.006,265.532,344.124,494.377,635.447,749.739,844.112,902.608,924.569,903.402,876.771,845.849,809.883,771.339,689.995,595.392,533.716,477.174,431.112,383.399,308.267,239.024,198.549,170.008,173.473,163.986,127.032,93.1877,63.6014,44.1986,34.0567,24.7653,15.9834,,,,,,
1997-12-11 10:40:00,,,,,,,,,,41.4288,74.2375,107.046,181.673,261.06,376.19,493.564,630.718,765.961,895.626,1006.37,1083.04,1133.28,1152.33,1149.57,1129.69,1059.83,964.433,866.142,766.956,694.502,626.216,543.832,459.986,362.822,274.3,227.979,192.25,184.925,167.539,128.82,94.3624,65.7395,45.2444,32.1408,23.8018,18.3175,,,,,,
1997-12-11 10:50:00,,,,,,,,,,1.496,45.5652,89.6344,154.392,221.505,368.887,523.171,738.461,945.662,1129.28,1258.09,1288.19,1318.33,1348.52,1346.0,1317.8,1264.71,1198.89,1117.62,1031.56,885.596,730.289,617.323,507.007,412.952,325.72,271.805,229.465,218.173,192.499,136.333,95.598,75.9903,56.6112,37.4397,25.1913,17.0905,,,,,,
1997-12-11 11:00:00,,,,,,,,,,12.2465,62.9658,113.685,183.107,254.657,409.929,568.318,754.002,942.428,1138.85,1292.51,1369.13,1418.98,1437.23,1436.57,1421.08,1386.65,1342.54,1227.45,1090.39,918.771,741.767,631.363,522.992,411.096,308.603,252.026,211.938,216.072,200.519,143.22,97.2758,66.8775,46.2909,34.627,26.0437,19.3062,,,,,,
1997-12-11 11:10:00,,,,,,,,,,33.8432,72.3311,110.819,172.34,236.483,381.726,537.622,787.889,1027.03,1233.71,1409.97,1531.43,1612.39,1645.55,1675.26,1702.25,1615.3,1470.13,1306.35,1136.79,953.276,767.583,609.723,456.658,355.904,261.771,199.976,159.745,177.348,174.739,129.277,89.0817,56.0964,36.4234,28.8567,22.3512,16.4814,,,,,,
1997-12-11 11:20:00,,,,,,,,,,21.4185,60.0553,98.692,144.674,191.492,322.406,460.47,661.711,849.859,999.835,1162.73,1348.88,1501.92,1615.87,1652.01,1627.08,1496.42,1311.75,1155.51,1008.09,832.507,652.54,507.131,368.324,303.281,243.246,207.663,182.689,186.165,170.283,113.354,72.3689,53.2143,40.2748,32.9873,24.9783,16.537,,,,,,
1997-12-11 11:30:00,,,,,,,,,,17.7149,26.5282,35.3414,91.305,152.637,272.171,392.103,515.271,640.152,770.028,918.81,1101.64,1251.01,1360.86,1414.19,1423.15,1361.44,1263.61,1137.37,1002.33,805.412,598.851,469.354,346.454,277.318,215.013,186.067,164.778,164.024,148.13,100.137,64.5137,45.8255,34.4174,29.6299,22.2895,13.4196,,,,,,
1997-12-11 11:40:00,,,,,,,,,,9.6922,20.5487,31.4052,63.7437,98.5281,202.955,307.327,410.835,534.471,716.798,858.133,925.639,1010.66,1116.37,1152.45,1133.86,1074.65,994.674,884.498,764.965,632.547,498.119,407.133,320.34,270.312,223.48,192.245,166.016,153.214,132.536,95.1579,64.526,43.1302,30.3635,25.4442,19.8754,13.9176,,,,,,
1997-12-11 11:50:00,,,,,,,,,,0.0,26.8846,54.3683,103.897,155.936,210.983,276.57,435.94,579.365,676.299,773.173,869.937,951.786,1016.03,1043.49,1042.08,990.026,912.099,791.875,658.548,584.256,519.169,441.685,364.712,300.531,238.403,186.294,148.851,150.742,139.309,99.6279,67.8581,46.9203,31.9302,22.3492,17.0553,14.3298,,,,,,
1997-12-11 12:00:00,,,,,,,,,,17.2663,22.5644,27.8624,58.9014,92.8713,140.397,192.903,289.666,394.533,523.029,631.26,702.992,764.948,815.364,823.862,799.455,771.737,742.327,656.441,553.059,472.074,394.581,346.081,297.672,236.895,181.949,155.479,141.373,160.425,157.117,106.397,67.201,43.7803,27.2977,17.1247,11.9111,9.6688,,,,,,
1997-12-11 12:10:00,,,,,,,,,,7.4978,27.2464,46.995,88.3387,132.141,154.44,186.099,301.175,398.405,443.601,492.194,546.903,604.338,664.99,683.359,668.538,636.021,594.463,521.893,439.717,367.646,297.151,237.896,181.664,161.364,143.68,138.77,136.369,140.697,127.976,79.1046,47.7008,40.2119,34.549,30.5468,23.3147,14.1474,,,,,,
1997-12-11 12:20:00,,,,,,,,,,0.0,25.3861,50.8728,70.5738,89.616,170.42,253.689,358.576,448.829,496.417,539.931,576.106,630.612,706.755,743.034,748.019,706.712,641.754,554.262,459.789,400.928,347.619,291.247,235.695,192.76,152.492,125.249,110.727,130.319,131.009,91.6225,60.7447,41.516,30.4426,26.7856,20.6662,13.0715,,,,,,
1997-12-11 12:30:00,,,,,,,,,,0.0,16.5369,38.4973,79.5219,122.717,206.44,293.869,414.069,517.623,572.641,654.946,786.401,885.364,945.97,947.873,903.698,859.341,814.891,718.678,606.429,521.96,441.822,387.415,333.116,268.231,208.682,175.199,151.724,155.092,149.04,123.012,93.6954,59.8746,38.3702,28.0663,19.4286,11.789,,,,,,
1997-12-11 12:40:00,,,,,,,,,,0.0,25.2536,50.5699,90.2402,131.545,228.07,332.232,504.063,666.934,803.678,917.386,989.601,1068.15,1154.17,1206.94,1233.59,1239.5,1234.8,1176.78,1102.23,971.329,831.638,701.166,573.357,477.509,387.841,328.356,280.965,266.012,238.422,184.039,132.555,85.0389,54.5404,39.5173,29.1187,21.4906,,,,,,
1997-12-11 12:50:00,,,,,,,,,,0.0,58.8926,128.857,169.409,206.612,318.373,441.032,660.274,878.916,1095.81,1282.66,1415.39,1520.04,1591.54,1678.99,1778.95,1799.87,1780.39,1673.06,1538.52,1379.69,1217.08,1012.78,813.961,709.469,608.189,522.6,446.62,396.409,333.188,242.382,166.625,111.471,69.7109,40.13,24.1671,16.363,,,,,,
1997-12-11 13:00:00,,,,,,,,,,11.3365,40.6274,69.9182,167.47,272.793,378.856,496.794,720.394,924.574,1072.13,1203.53,1305.84,1366.87,1379.17,1376.92,1363.24,1310.74,1238.39,1186.42,1140.77,1026.33,901.167,798.768,696.792,589.924,484.841,388.481,306.48,262.989,218.223,170.755,128.691,94.0225,65.1423,41.5258,27.2411,18.5472,,,,,,
1997-12-11 13:10:00,,,,,,,,,,0.0,26.4979,61.684,120.688,182.403,339.908,498.643,667.81,832.15,982.413,1115.35,1217.08,1297.92,1354.09,1372.22,1360.48,1326.34,1280.76,1222.16,1159.53,1034.95,900.708,772.325,642.51,490.43,357.652,319.132,287.429,274.009,243.038,174.851,123.961,96.7518,70.8599,46.1661,30.0822,19.1565,,,,,,
1997-12-11 13:20:00,,,,,,,,,,5.2179,59.3523,113.487,176.073,239.621,376.251,521.237,740.196,949.618,1131.23,1274.63,1349.19,1404.1,1435.78,1463.73,1488.74,1460.82,1405.87,1330.28,1248.3,1122.09,988.983,860.873,732.892,604.317,483.406,399.919,335.394,321.726,290.4,221.634,158.887,104.38,68.4714,49.4771,35.6523,24.9247,,,,,,
1997-12-11 13:30:00,,,,,,,,,,6.3854,55.757,105.129,201.214,302.619,484.406,670.907,898.932,1103.49,1239.64,1352.39,1423.01,1507.31,1607.76,1657.01,1666.07,1643.69,1605.26,1549.62,1488.66,1419.11,1348.22,1182.62,1014.37,854.38,703.919,600.019,516.953,489.766,438.576,336.491,242.174,158.491,101.599,69.0707,43.8993,23.1357,,,,,,
1997-12-11 13:40:00,,,,,,,,,,0.0,41.7413,88.9553,179.838,275.694,402.767,546.182,834.849,1087.36,1234.45,1340.67,1373.24,1450.62,1580.9,1713.68,1848.41,1910.19,1934.7,1944.05,1948.7,1838.16,1709.67,1550.08,1386.17,1177.97,978.964,824.899,695.023,630.022,545.026,417.636,300.217,196.451,122.387,75.3335,49.351,35.9926,,,,,,
1997-12-11 13:50:00,,,,,,,,,,6.9069,54.1753,101.444,183.639,269.812,414.96,563.617,743.179,912.922,1054.03,1184.39,1295.37,1371.73,1407.2,1463.38,1535.81,1596.86,1652.11,1653.63,1638.51,1526.25,1398.84,1273.39,1146.13,993.194,841.123,693.268,571.757,520.9,453.494,351.001,251.629,156.528,93.4017,59.3526,37.8529,23.8717,,,,,,
1997-12-11 14:00:00,,,,,,,,,,23.5133,78.7321,133.951,201.221,269.862,376.287,496.599,740.296,951.67,1068.8,1149.21,1163.48,1167.94,1160.83,1190.36,1248.65,1295.65,1336.88,1327.15,1301.62,1279.39,1257.68,1133.97,1005.86,865.739,726.709,593.025,487.007,455.185,406.664,322.732,237.247,149.637,92.1637,62.0971,44.5297,34.4507,,,,,,
1997-12-11 14:10:00,,,,,,,,,,0.0,43.3588,92.7223,193.473,300.075,430.5,564.905,734.593,899.608,1051.0,1152.53,1164.27,1153.1,1114.91,1115.23,1145.8,1180.77,1217.99,1206.06,1178.9,1171.79,1167.8,1085.1,993.368,815.462,651.867,558.15,476.986,429.492,369.236,281.923,203.91,138.631,91.2273,60.081,39.7101,25.795,,,,,,
1997-12-11 14:20:00,,,,,,,,,,32.911,50.0008,67.0906,154.034,248.932,359.357,478.037,670.096,846.719,978.337,1076.89,1115.9,1142.68,1155.05,1181.22,1218.24,1226.19,1219.29,1170.8,1109.43,1106.75,1113.23,1009.85,901.256,773.208,648.265,538.484,451.176,424.138,381.523,305.882,223.724,132.646,80.3337,63.2748,45.3912,27.0134,,,,,,
1997-12-11 14:30:00,,,,,,,,,,0.0,33.5064,69.7831,133.716,200.798,311.438,426.528,580.981,732.37,874.825,983.925,1032.95,1060.37,1062.3,1090.87,1140.35,1157.32,1157.7,1149.75,1139.23,1130.68,1122.44,1032.81,938.183,813.473,693.956,599.799,520.03,478.848,415.994,307.188,213.272,139.74,92.5243,69.2394,49.1051,30.8585,,,,,,
1997-12-11 14:40:00,,,,,,,,,,3.6596,38.9701,74.2806,120.406,167.763,260.848,359.809,510.826,664.695,826.878,945.048,983.946,1009.23,1018.44,1055.6,1114.68,1122.99,1105.36,1045.97,973.642,964.325,964.833,900.862,831.329,716.237,605.079,513.127,436.128,399.233,347.633,264.854,188.927,122.384,77.8582,53.3553,36.6555,24.6307,,,,,,
1997-12-11 14:50:00,,,,,,,,,,15.1,29.1691,43.2382,91.5636,143.789,228.372,317.314,444.871,556.197,620.197,688.089,762.992,823.601,867.338,870.589,842.062,827.577,820.267,784.827,740.672,699.506,658.807,651.678,641.215,569.549,495.583,410.392,341.835,317.893,281.497,218.697,161.25,111.133,73.8742,48.3075,33.0033,23.8474,,,,,,
1997-12-11 15:00:00,,,,,,,,,,7.5004,27.2383,46.9762,88.2778,132.035,182.054,236.101,325.949,411.736,485.686,560.922,638.474,702.789,751.477,764.112,748.445,702.121,640.135,620.585,614.182,592.774,569.027,516.555,463.674,418.707,374.884,336.651,303.27,282.903,248.273,183.401,128.679,87.8533,58.3846,39.244,28.1139,21.783,,,,,,
1997-12-11 15:10:00,,,,,,,,,,0.0,8.1599,19.0004,55.9953,95.9681,148.243,200.644,254.098,317.019,407.54,485.922,542.44,584.791,610.418,635.063,658.936,653.097,632.079,572.719,501.481,468.346,441.153,406.56,373.523,365.167,349.242,296.354,256.648,252.292,234.308,187.426,139.891,91.4628,57.8233,37.6325,26.3434,20.3875,,,,,,
1997-12-11 15:20:00,,,,,,,,,,0.0,16.6255,38.7001,68.4572,99.089,128.081,160.208,220.237,285.426,365.661,421.882,434.853,473.823,543.485,573.771,573.148,581.135,593.522,565.341,524.594,497.879,473.353,469.919,463.905,412.806,361.45,308.841,267.168,254.825,230.963,182.679,139.0,101.627,70.5508,45.2008,30.5484,22.3051,,,,,,
1997-12-11 15:30:00,,,,,,,,,,20.9234,36.5113,52.0992,52.2399,50.6217,123.295,193.777,244.375,297.546,358.224,419.715,482.67,530.148,559.357,560.046,538.347,516.347,494.192,457.375,416.017,420.754,432.678,439.727,445.969,443.496,427.661,346.577,282.794,265.411,236.537,183.3,135.791,96.1236,64.9398,41.4706,27.4541,19.1008,,,,,,
1997-12-11 15:40:00,,,,,,,,,,3.1984,15.3069,27.4154,46.2123,65.7708,117.051,171.093,249.534,326.93,401.282,477.517,557.145,600.545,601.178,602.194,603.512,586.904,561.137,529.388,495.787,457.603,418.706,416.469,414.259,395.213,369.959,314.385,272.339,266.576,241.395,175.041,123.155,91.077,67.9096,52.8459,36.981,20.6362,,,,,,
1997-12-11 15:50:00,,,,,,,,,,5.2439,34.1582,63.0725,74.4508,83.8325,141.384,199.001,256.942,315.928,377.961,433.42,477.039,511.138,533.997,547.476,553.591,528.618,487.763,457.921,431.492,390.526,347.293,365.042,386.465,429.363,457.42,412.999,367.552,319.356,267.659,208.537,152.072,99.2456,64.8322,47.1642,32.5166,19.6787,,,,,,
1997-12-11 16:00:00,,,,,,,,,,3.7599,13.5857,23.4115,48.7791,75.9163,104.983,138.16,207.902,283.607,376.701,432.493,421.099,430.678,465.013,465.591,439.672,416.354,394.366,357.289,315.537,314.125,319.003,324.727,329.664,323.488,314.16,289.44,268.55,257.933,227.804,156.304,102.841,74.072,53.5649,40.5714,28.8435,17.8739,,,,,,
1997-12-11 16:10:00,,,,,,,,,,4.2989,11.9448,19.5906,37.6099,56.8103,106.969,157.169,207.572,261.712,326.749,386.17,435.48,477.038,509.445,519.938,513.229,496.411,474.43,432.565,384.54,361.667,342.716,333.913,325.863,323.33,314.606,275.656,247.5,248.295,232.854,182.989,139.158,103.589,72.593,45.7574,29.27,18.9824,,,,,,
1997-12-11 16:20:00,,,,,,,,,,2.0803,18.7309,35.3815,44.9982,53.8141,98.3291,143.672,196.187,251.481,314.875,359.524,370.411,399.806,451.047,478.929,488.474,462.934,419.469,370.123,318.956,298.776,283.428,279.025,275.977,286.253,291.763,274.001,255.059,232.951,203.458,158.304,117.376,82.2347,58.2799,44.4985,30.853,17.2891,,,,,,
1997-12-11 16:30:00,,,,,,,,,,0.0,1.4761,3.4437,34.5892,69.057,89.9333,113.816,164.531,218.07,279.847,345.27,417.26,464.016,480.985,511.708,553.229,556.181,539.429,479.121,405.322,358.379,315.625,322.456,329.804,320.932,315.1,324.115,324.097,299.855,259.5,184.981,123.23,78.9595,52.76,42.994,34.0493,25.5967,,,,,,
1997-12-11 16:40:00,,,,,,,,,,11.3277,15.5552,19.7827,47.5838,78.0691,94.0838,115.541,185.511,254.782,322.018,389.569,457.689,520.714,577.726,612.607,630.115,618.816,592.798,536.208,470.146,411.535,354.085,361.192,369.786,368.369,362.018,331.576,301.438,272.114,236.01,185.53,141.184,105.236,73.6437,46.0132,30.7332,22.8526,,,,,,
1997-12-11 16:50:00,,,,,,,,,,5.7701,32.561,59.3519,58.1832,53.8309,83.8199,118.212,191.602,261.237,319.922,388.945,476.586,562.338,645.86,687.081,695.097,672.411,634.039,557.792,469.812,432.63,403.37,402.76,401.851,383.422,362.257,327.737,294.826,266.235,229.971,177.436,132.893,99.2927,72.332,51.4092,37.1024,26.7593,,,,,,
1997-12-11 17:00:00,,,,,,,,,,0.0,16.6887,38.8445,58.5476,77.9715,110.759,146.426,207.648,279.882,384.225,466.172,507.778,569.99,656.528,707.421,730.336,696.243,633.027,563.37,491.718,470.16,456.413,426.733,395.671,353.243,314.256,292.07,274.203,267.921,243.692,181.413,129.247,90.9265,64.4792,48.829,34.7789,21.6875,,,,,,
1997-12-11 17:10:00,,,,,,,,,,8.5674,23.9942,39.421,61.2696,83.8495,137.817,193.223,261.251,323.102,366.945,427.844,519.464,605.642,685.395,714.107,702.755,671.297,629.568,597.509,568.445,515.516,458.865,454.022,449.494,424.955,398.241,360.908,324.988,292.858,250.133,184.944,133.428,100.633,76.5854,60.4923,44.8333,29.4345,,,,,,
1997-12-11 17:20:00,,,,,,,,,,0.0,18.3253,42.6549,67.6644,92.7514,162.317,233.506,318.913,398.353,460.399,527.867,605.102,665.162,704.946,744.072,782.681,767.277,724.278,663.942,598.234,553.164,511.312,483.771,455.753,414.533,377.228,359.045,340.52,321.079,283.827,208.809,142.3,87.4396,55.415,44.1576,34.8814,26.7921,,,,,,
1997-12-11 17:30:00,,,,,,,,,,1.561,20.3036,39.0462,65.5049,92.8422,141.128,194.908,297.473,390.824,457.311,522.729,586.225,648.102,708.069,750.272,778.532,756.414,708.559,639.558,564.006,517.614,475.769,456.992,438.975,420.509,397.758,354.085,318.411,304.191,271.68,200.386,140.082,94.8247,63.9078,46.0323,33.1969,23.381,,,,,,
1997-12-11 17:40:00,,,,,,,,,,9.6793,20.5915,31.5036,59.6847,89.8321,140.337,195.756,294.804,389.969,473.811,543.242,586.715,634.017,685.839,731.958,773.601,759.426,716.735,645.84,566.208,533.032,507.1,488.443,468.607,429.289,387.931,336.61,296.616,287.002,258.03,188.012,128.436,83.1566,52.9467,36.441,28.1746,24.8446,,,,,,
1997-12-11 17:50:00,,,,,,,,,,0.0,14.8328,34.5325,80.2977,129.031,186.762,245.9,317.517,388.041,455.375,511.362,546.915,592.639,650.369,687.083,707.301,687.102,646.257,593.041,535.994,496.324,459.362,440.018,420.51,390.513,363.101,348.311,326.56,286.141,236.108,165.692,110.193,75.1167,52.3135,40.6714,30.742,21.8388,,,,,,
1997-12-11 18:00:00,,,,,,,,,,9.1363,22.2486,35.3609,66.1047,98.8559,176.365,249.705,285.7,322.504,361.668,410.634,477.259,532.046,572.859,618.02,666.593,650.807,602.142,539.412,472.324,450.023,434.706,410.791,385.803,350.208,316.975,295.275,272.849,248.475,215.329,163.584,117.904,80.5251,55.2686,41.0357,31.4009,24.5207,,,,,,
1997-12-11 18:10:00,,,,,,,,,,0.0,30.1679,70.2136,87.4221,102.03,128.392,160.913,248.174,317.975,336.87,369.178,425.646,468.6,495.603,532.582,577.394,565.052,523.511,462.003,394.308,344.187,296.806,297.066,298.13,287.793,280.376,287.216,280.289,236.437,190.833,141.514,99.4788,67.4136,47.9408,39.9196,31.5736,23.0329,,,,,,
1997-12-11 18:20:00,,,,,,,,,,0.0,21.7291,50.5754,72.2175,93.0392,113.246,140.31,228.385,302.642,336.609,367.942,394.532,424.353,457.989,477.05,484.67,471.819,448.508,413.833,375.638,359.204,346.162,327.751,309.313,293.01,282.054,297.202,295.384,248.064,197.647,140.664,97.2199,72.3126,51.2855,33.7873,26.1457,24.4094,,,,,,
1997-12-11 18:30:00,,,,,,,,,,8.6324,23.7644,38.8964,98.1353,162.396,184.706,211.732,280.961,339.054,364.676,400.23,453.672,494.533,520.541,528.302,521.739,524.598,532.271,500.845,457.307,420.164,384.019,382.03,379.036,346.323,317.327,306.478,288.315,250.537,209.835,162.932,119.515,80.8704,53.5794,36.6134,28.8141,26.5066,,,,,,
1997-12-11 18:40:00,,,,,,,,,,0.46123,23.6631,46.8651,74.1671,101.936,158.455,215.259,274.443,329.41,372.082,409.251,436.507,472.699,519.439,549.489,566.438,561.266,544.793,509.21,467.708,449.482,434.885,412.751,389.243,350.535,319.009,322.546,313.518,270.787,221.528,158.427,108.341,76.0751,54.3104,42.0956,31.9791,23.1199,,,,,,
1997-12-11 18:50:00,,,,,,,,,,0.0,14.8626,34.6008,76.0417,119.954,170.418,226.203,329.312,415.023,450.009,468.18,456.064,452.549,459.186,469.337,482.246,488.6,491.605,458.036,413.136,386.743,363.236,317.933,274.935,273.585,273.311,278.287,271.609,233.678,187.713,124.713,82.2158,67.7896,55.1311,44.0803,30.8321,16.2676,,,,,,
1997-12-11 19:00:00,,,,,,,,,,3.7504,13.6185,23.4867,44.1311,66.0025,86.2463,110.777,173.463,221.999,229.273,246.282,280.827,290.818,271.823,252.812,233.789,218.305,204.63,181.0,154.286,165.966,183.634,178.88,173.952,177.165,185.257,217.173,235.054,215.295,182.243,121.007,76.6359,55.3564,40.2584,30.7819,22.5234,14.9947,,,,,,
1997-12-11 19:10:00,,,,,,,,,,0.0,14.9779,34.8648,60.7332,87.2827,85.5665,87.9925,127.431,161.309,178.972,193.161,201.091,215.805,238.528,229.571,195.748,170.023,148.434,140.145,135.976,140.903,147.248,165.698,182.278,167.687,160.078,186.562,209.999,225.261,218.984,167.037,119.833,79.1218,52.4353,38.5025,24.6628,10.8788,,,,,,
1997-12-11 19:20:00,,,,,,,,,,0.0,16.746,38.9757,50.0982,59.9562,84.5307,112.246,167.83,216.511,245.064,273.055,300.035,321.205,335.518,351.797,369.62,394.894,423.974,421.128,408.391,388.319,367.104,368.206,368.507,347.412,328.235,318.421,306.168,287.37,250.439,175.06,114.932,75.6831,49.9488,36.505,27.7083,21.696,,,,,,
1997-12-11 19:30:00,,,,,,,,,,0.0,11.5727,26.9413,57.5895,89.9774,126.204,166.535,243.377,314.38,368.361,412.68,439.596,452.712,449.537,451.84,458.441,486.291,524.997,518.69,498.44,494.358,492.798,468.6,441.756,389.445,343.937,331.651,312.924,276.924,230.548,162.174,109.184,77.2556,53.946,38.4743,25.5362,14.1159,,,,,,
1997-12-11 19:40:00,,,,,,,,,,2.6415,17.011,31.3805,47.0307,62.8268,106.202,152.189,221.276,284.203,329.168,363.801,379.822,398.182,419.304,443.818,470.996,470.191,455.091,459.359,469.627,492.461,517.253,487.122,454.511,413.85,377.452,361.878,340.81,305.008,254.558,173.049,111.043,75.7393,52.8527,41.2583,32.0608,24.2993,,,,,,
1997-12-11 19:50:00,,,,,,,,,,1.9121,17.6742,33.4362,59.6127,86.975,136.973,185.657,222.529,265.324,325.393,359.329,346.196,359.079,402.675,413.867,399.625,398.501,404.079,417.792,434.025,419.924,401.094,379.375,355.768,307.772,268.604,272.546,270.38,251.836,217.375,149.166,97.3671,68.0361,46.6632,32.5275,22.3099,14.4398,,,,,,
1997-12-11 20:00:00,,,,,,,,,,0.0,8.3106,19.3449,33.4382,47.8798,86.1913,124.378,161.322,191.689,202.88,211.635,216.004,227.318,246.832,255.387,255.34,248.579,238.388,234.383,232.294,243.751,257.32,274.262,288.78,268.652,253.105,259.925,262.328,252.884,223.571,152.129,99.7355,73.4193,52.1021,35.3308,22.2492,11.3782,,,,,,
1997-12-11 20:10:00,,,,,,,,,,12.3909,12.3239,12.2568,19.1841,26.9078,48.5546,71.0012,100.491,130.224,160.668,191.719,223.863,228.781,201.561,196.572,209.031,205.937,194.896,183.373,171.701,188.066,208.804,255.26,296.777,258.898,230.374,247.539,254.115,232.293,199.384,142.97,99.256,72.9312,52.7471,38.1476,27.6671,19.6543,,,,,,
1997-12-11 20:20:00,,,,,,,,,,0.0,10.0531,23.3976,28.6295,32.9377,57.5408,81.2592,96.995,113.209,130.819,151.337,177.096,188.143,181.824,169.359,152.068,141.551,134.494,128.957,123.89,145.635,171.561,200.601,226.904,214.442,205.602,214.452,221.849,225.348,207.243,143.328,96.9753,74.6669,52.7183,31.0969,18.8309,12.1699,,,,,,
1997-12-11 20:30:00,,,,,,,,,,0.0199,0.0,0.0,9.8208,20.9461,38.5972,56.3109,74.5462,94.1662,117.823,128.538,115.941,118.56,139.141,143.338,134.674,128.057,122.486,115.968,109.157,130.868,157.026,192.725,225.199,209.236,200.835,229.358,246.439,232.837,202.984,138.676,90.0091,62.7582,42.5572,28.7675,19.6624,13.3641,,,,,,
1997-12-11 20:40:00,,,,,,,,,,0.0,1.6177,3.7674,13.4597,24.0109,30.4684,38.6084,61.7428,81.1548,89.7131,102.379,122.442,130.053,122.962,119.826,119.794,109.338,93.5565,91.1837,92.9648,115.858,142.043,153.953,164.504,163.216,169.288,211.298,237.633,221.927,191.197,128.609,82.5134,58.997,41.9563,30.8047,22.3308,15.4613,,,,,,
1997-12-11 20:50:00,,,,,,,,,,0.0,1.6166,3.765,13.4466,23.9858,34.0738,45.598,69.906,89.1592,93.6738,101.764,116.293,123.922,123.407,128.913,139.148,134.685,122.714,119.925,119.981,137.813,158.416,182.936,204.995,191.675,185.618,215.025,233.311,221.771,193.748,130.778,84.5264,61.163,43.7444,31.732,21.0315,11.117,,,,,,
1997-12-11 21:00:00,,,,,,,,,,0.0,3.3173,7.7222,14.2328,20.9833,35.1193,48.7565,57.9143,66.5872,73.8461,87.8317,113.933,137.043,156.621,155.105,137.033,124.755,115.436,105.816,96.102,128.382,167.209,182.094,196.414,214.271,230.632,239.684,240.378,218.654,183.051,118.018,73.3751,56.6482,41.5956,28.0654,20.9618,17.7083,,,,,,
1997-12-11 21:10:00,,,,,,,,,,5.9207,7.0015,8.0824,11.3869,14.9447,26.1741,38.2143,57.4286,75.0742,88.1457,104.834,128.036,136.374,127.166,119.774,113.807,115.325,120.666,112.065,99.1437,119.702,145.48,165.37,183.341,177.918,181.029,225.809,257.106,252.238,224.206,147.057,91.9521,67.0287,46.2854,29.3436,19.074,12.8018,,,,,,
1997-12-11 21:20:00,,,,,,,,,,0.0,1.7378,4.0469,13.597,23.9715,36.4227,50.059,74.2297,96.5617,113.532,128.283,139.036,145.512,146.94,146.716,145.197,134.733,119.698,121.22,127.872,151.801,178.424,192.373,204.471,197.288,195.765,221.89,237.742,226.04,199.136,139.999,94.313,67.0431,45.9871,30.5822,20.2606,12.9845,,,,,,
1997-12-11 21:30:00,,,,,,,,,,0.0,15.1768,35.3191,29.5926,20.9206,30.0846,42.0977,79.3677,112.34,132.779,150.877,164.761,179.374,194.848,201.623,201.568,191.98,177.521,173.224,172.074,188.541,207.754,201.489,197.967,243.8,279.261,264.074,245.63,218.45,185.386,139.846,102.16,75.2257,52.3624,33.2008,23.4166,19.2506,,,,,,
1997-12-11 21:40:00,,,,,,,,,,0.0,9.9797,23.2296,38.374,53.7342,111.495,169.122,225.322,283.876,349.29,393.401,399.141,432.556,498.638,513.166,487.227,470.601,458.734,426.703,388.427,347.113,305.326,320.361,336.737,344.755,349.567,338.726,320.986,284.746,238.99,173.055,120.741,87.076,61.46,43.1642,33.2989,28.4843,,,,,,
1997-12-11 21:50:00,,,,,,,,,,3.77,13.5503,23.3307,53.9751,86.9952,121.317,159.333,230.216,290.315,318.968,355.455,406.05,454.264,499.667,530.937,551.114,519.185,460.635,400.797,340.56,329.304,325.685,354.673,381.968,370.873,357.131,330.457,299.21,255.702,208.809,154.739,114.924,94.6252,76.5445,60.4812,42.7025,23.8961,,,,,,
1997-12-11 22:00:00,,,,,,,,,,0.0,13.3297,31.0271,49.8791,68.8626,105.472,146.574,227.562,294.743,321.668,365.583,440.099,487.349,502.409,519.209,537.374,505.539,448.159,399.654,353.899,351.546,355.96,373.949,389.422,364.214,341.622,331.801,317.407,290.746,248.365,172.652,117.554,90.6806,67.3071,47.116,35.0467,27.8434,,,,,,
1997-12-11 22:10:00,,,,,,,,,,8.5589,24.0239,39.4888,57.0515,74.8531,121.424,170.405,240.673,309.865,375.919,432.712,472.826,500.946,514.909,526.04,534.948,529.597,516.961,469.349,410.9,393.697,382.926,401.375,417.808,393.046,369.413,351.29,329.0,295.531,248.64,173.289,118.21,90.8847,70.4112,56.1686,42.1859,28.3588,,,,,,
1997-12-11 22:20:00,,,,,,,,,,3.7616,13.581,23.4003,48.2318,74.7725,131.042,190.165,274.519,348.137,390.45,438.821,498.103,549.858,592.727,620.513,636.46,609.442,560.474,502.307,441.292,414.069,392.115,428.01,462.095,444.366,424.208,392.186,356.665,311.759,261.171,198.537,144.827,103.332,71.533,48.5505,34.4549,25.6836,,,,,,
1997-12-11 22:30:00,,,,,,,,,,2.1228,18.5831,35.0435,66.1028,98.8244,178.523,254.575,297.914,352.365,439.214,499.957,513.679,537.561,573.436,603.884,630.071,616.611,582.896,539.711,493.593,458.096,424.256,454.079,484.299,490.078,486.424,436.7,385.006,328.029,266.494,195.298,139.238,103.904,74.5722,50.6998,38.656,33.6988,,,,,,
1997-12-11 22:40:00,,,,,,,,,,0.0,25.0699,58.351,82.1617,104.894,153.633,207.173,303.296,387.66,437.737,480.594,510.445,536.414,557.8,583.035,611.29,600.013,568.54,528.517,485.847,461.667,440.371,461.863,483.4,485.456,479.733,436.026,391.113,342.97,286.131,210.856,146.386,96.7067,64.9141,49.3875,38.3813,30.0835,,,,,,
1997-12-11 22:50:00,,,,,,,,,,3.5495,14.2186,24.8878,61.8517,101.81,179.965,256.755,321.187,383.525,439.76,491.369,534.646,571.56,600.962,606.242,592.588,602.814,625.24,569.674,489.948,460.611,439.131,456.59,474.58,481.541,479.823,435.722,391.337,346.192,288.413,203.845,140.165,105.081,77.3479,56.2982,38.2182,21.9173,,,,,,
1997-12-11 23:00:00,,,,,,,,,,3.7825,13.5073,23.232,59.5615,98.9203,155.49,212.989,278.675,357.349,473.89,557.018,579.963,608.585,643.909,655.762,649.192,634.965,616.825,587.612,554.968,526.759,499.242,478.312,459.487,466.281,468.339,447.271,413.601,346.131,275.707,199.019,140.608,107.22,78.9797,55.4219,40.4102,30.5186,,,,,,
1997-12-11 23:10:00,,,,,,,,,,0.0,16.6048,38.6526,69.7255,101.826,171.485,241.598,315.541,386.172,447.147,505.968,560.912,605.634,638.288,654.777,658.576,651.973,640.057,602.979,558.107,531.645,508.053,489.064,472.482,486.553,492.46,458.494,415.294,347.328,273.195,185.985,124.539,98.3647,77.3935,61.1536,46.3054,32.2909,,,,,,
1997-12-11 23:20:00,,,,,,,,,,0.0,9.8507,22.9349,58.1537,95.8928,155.487,215.587,280.081,344.193,407.191,467.667,523.601,565.819,591.845,626.457,667.807,662.956,634.5,569.863,494.018,480.553,476.814,457.129,437.919,432.68,425.448,408.484,384.141,340.01,279.717,185.155,118.751,90.9006,70.5751,57.0932,44.9149,33.5176,,,,,,
1997-12-11 23:30:00,,,,,,,,,,0.0,9.8203,22.8657,63.8697,108.057,145.54,186.814,261.853,335.136,403.301,460.938,499.613,547.066,604.878,643.588,667.302,620.47,537.596,492.242,458.51,437.921,419.381,398.457,379.919,395.039,407.099,404.226,389.762,344.211,290.614,219.956,161.191,118.706,83.9937,56.3485,40.6436,32.0923,,,,,,
1997-12-11 23:40:00,,,,,,,,,,3.754,13.6076,23.4612,44.0166,65.7904,124.452,182.628,236.286,291.926,353.342,424.173,511.96,578.072,618.6,627.882,612.637,584.055,548.661,501.761,451.298,424.181,400.704,403.916,410.546,451.242,486.924,498.125,483.851,401.256,316.879,228.72,159.564,116.421,84.9503,64.0931,46.477,30.8028,,,,,,
1997-12-11 23:50:00,,,,,,,,,,0.0,18.3858,42.7937,60.7505,77.9728,96.3506,122.461,217.372,303.279,362.933,411.791,441.204,488.284,556.22,588.487,592.757,563.673,517.549,470.519,423.208,436.509,459.261,441.299,424.512,442.854,458.737,462.608,450.74,396.658,331.424,242.546,172.202,127.233,89.9789,59.7407,39.2836,24.6865,,,,,,
